matchday,position,team,matches,wins,draws,losses,goals_scored,goals_conceded,goal_difference,points
1,1,SC Freiburg,1,1,0,0,3.0,1.0,2.0,3
1,2,Borussia Dortmund,1,1,0,0,2.0,0.0,2.0,3
1,3,1. FC Heidenheim 1846,1,1,0,0,2.0,0.0,2.0,3
1,4,Bayer Leverkusen,1,1,0,0,3.0,2.0,1.0,3
1,5,TSG 1899 Hoffenheim,1,1,0,0,3.0,2.0,1.0,3
1,6,FC Bayern München,1,1,0,0,3.0,2.0,1.0,3
1,7,RB Leipzig,1,1,0,0,1.0,0.0,1.0,3
1,8,FC Augsburg,1,0,1,0,2.0,2.0,0.0,1
1,9,Werder Bremen,1,0,1,0,2.0,2.0,0.0,1
1,10,1. FSV Mainz 05,1,0,1,0,1.0,1.0,0.0,1
1,11,1. FC Union Berlin,1,0,1,0,1.0,1.0,0.0,1
1,12,Borussia Mönchengladbach,1,0,0,1,2.0,3.0,-1.0,0
1,13,Holstein Kiel,1,0,0,1,2.0,3.0,-1.0,0
1,14,VfL Wolfsburg,1,0,0,1,2.0,3.0,-1.0,0
1,15,VfL Bochum,1,0,0,1,0.0,1.0,-1.0,0
1,16,VfB Stuttgart,1,0,0,1,1.0,3.0,-2.0,0
1,17,Eintracht Frankfurt,1,0,0,1,0.0,2.0,-2.0,0
1,18,FC St. Pauli,1,0,0,1,0.0,2.0,-2.0,0
2,1,1. FC Heidenheim 1846,2,2,0,0,6.0,0.0,6.0,6
2,2,FC Bayern München,2,2,0,0,5.0,2.0,3.0,6
2,3,RB Leipzig,2,2,0,0,4.0,2.0,2.0,6
2,4,Borussia Dortmund,2,1,1,0,2.0,0.0,2.0,4
2,5,1. FC Union Berlin,2,1,1,0,2.0,1.0,1.0,4
2,6,Borussia Mönchengladbach,2,1,0,1,4.0,3.0,1.0,3
2,7,VfL Wolfsburg,2,1,0,1,4.0,3.0,1.0,3
2,8,Bayer Leverkusen,2,1,0,1,5.0,5.0,0.0,3
2,9,SC Freiburg,2,1,0,1,3.0,3.0,0.0,3
2,10,Eintracht Frankfurt,2,1,0,1,3.0,3.0,0.0,3
2,11,TSG 1899 Hoffenheim,2,1,0,1,4.0,5.0,-1.0,3
2,12,1. FSV Mainz 05,2,0,2,0,4.0,4.0,0.0,2
2,13,Werder Bremen,2,0,2,0,2.0,2.0,0.0,2
2,14,VfB Stuttgart,2,0,1,1,4.0,6.0,-2.0,1
2,15,FC Augsburg,2,0,1,1,2.0,6.0,-4.0,1
2,16,Holstein Kiel,2,0,0,2,2.0,5.0,-3.0,0
2,17,VfL Bochum,2,0,0,2,0.0,3.0,-3.0,0
2,18,FC St. Pauli,2,0,0,2,0.0,3.0,-3.0,0
3,1,FC Bayern München,3,3,0,0,11.0,3.0,8.0,9
3,2,Borussia Dortmund,3,2,1,0,6.0,2.0,4.0,7
3,3,RB Leipzig,3,2,1,0,4.0,2.0,2.0,7
3,4,1. FC Heidenheim 1846,3,2,0,1,8.0,4.0,4.0,6
3,5,Bayer Leverkusen,3,2,0,1,9.0,6.0,3.0,6
3,6,SC Freiburg,3,2,0,1,5.0,4.0,1.0,6
3,7,Eintracht Frankfurt,3,2,0,1,5.0,4.0,1.0,6
3,8,Werder Bremen,3,1,2,0,4.0,3.0,1.0,5
3,9,1. FC Union Berlin,3,1,2,0,2.0,1.0,1.0,5
3,10,VfB Stuttgart,3,1,1,1,7.0,7.0,0.0,4
3,11,FC Augsburg,3,1,1,1,5.0,7.0,-2.0,4
3,12,VfL Wolfsburg,3,1,0,2,5.0,5.0,0.0,3
3,13,Borussia Mönchengladbach,3,1,0,2,5.0,6.0,-1.0,3
3,14,TSG 1899 Hoffenheim,3,1,0,2,5.0,9.0,-4.0,3
3,15,1. FSV Mainz 05,3,0,2,1,5.0,6.0,-1.0,2
3,16,VfL Bochum,3,0,0,3,1.0,5.0,-4.0,0
3,17,FC St. Pauli,3,0,0,3,1.0,6.0,-5.0,0
3,18,Holstein Kiel,3,0,0,3,3.0,11.0,-8.0,0
4,1,FC Bayern München,4,4,0,0,16.0,3.0,13.0,12
4,2,Bayer Leverkusen,4,3,0,1,13.0,9.0,4.0,9
4,3,SC Freiburg,4,3,0,1,8.0,4.0,4.0,9
4,4,Eintracht Frankfurt,4,3,0,1,7.0,4.0,3.0,9
4,5,RB Leipzig,4,2,2,0,4.0,2.0,2.0,8
4,6,1. FC Union Berlin,4,2,2,0,4.0,2.0,2.0,8
4,7,VfB Stuttgart,4,2,1,1,12.0,8.0,4.0,7
4,8,Borussia Dortmund,4,2,1,1,7.0,7.0,0.0,7
4,9,1. FC Heidenheim 1846,4,2,0,2,8.0,7.0,1.0,6
4,10,1. FSV Mainz 05,4,1,2,1,8.0,8.0,0.0,5
4,11,Werder Bremen,4,1,2,1,4.0,8.0,-4.0,5
4,12,FC Augsburg,4,1,1,2,7.0,10.0,-3.0,4
4,13,VfL Wolfsburg,4,1,0,3,8.0,9.0,-1.0,3
4,14,Borussia Mönchengladbach,4,1,0,3,5.0,8.0,-3.0,3
4,15,TSG 1899 Hoffenheim,4,1,0,3,6.0,11.0,-5.0,3
4,16,VfL Bochum,4,0,1,3,3.0,7.0,-4.0,1
4,17,FC St. Pauli,4,0,1,3,1.0,6.0,-5.0,1
4,18,Holstein Kiel,4,0,1,3,5.0,13.0,-8.0,1
5,1,FC Bayern München,5,4,1,0,17.0,4.0,13.0,13
5,2,Eintracht Frankfurt,5,4,0,1,11.0,6.0,5.0,12
5,3,RB Leipzig,5,3,2,0,8.0,2.0,6.0,11
5,4,Bayer Leverkusen,5,3,1,1,14.0,10.0,4.0,10
5,5,Borussia Dortmund,5,3,1,1,11.0,9.0,2.0,10
5,6,1. FC Heidenheim 1846,5,3,0,2,10.0,7.0,3.0,9
5,7,SC Freiburg,5,3,0,2,8.0,7.0,1.0,9
5,8,VfB Stuttgart,5,2,2,1,14.0,10.0,4.0,8
5,9,1. FC Union Berlin,5,2,2,1,4.0,3.0,1.0,8
5,10,Werder Bremen,5,2,2,1,8.0,11.0,-3.0,8
5,11,Borussia Mönchengladbach,5,2,0,3,6.0,8.0,-2.0,6
5,12,1. FSV Mainz 05,5,1,2,2,8.0,10.0,-2.0,5
5,13,VfL Wolfsburg,5,1,1,3,10.0,11.0,-1.0,4
5,14,FC St. Pauli,5,1,1,3,4.0,6.0,-2.0,4
5,15,FC Augsburg,5,1,1,3,7.0,14.0,-7.0,4
5,16,TSG 1899 Hoffenheim,5,1,0,4,9.0,15.0,-6.0,3
5,17,VfL Bochum,5,0,1,4,5.0,11.0,-6.0,1
5,18,Holstein Kiel,5,0,1,4,7.0,17.0,-10.0,1
6,1,FC Bayern München,6,4,2,0,20.0,7.0,13.0,14
6,2,RB Leipzig,6,4,2,0,9.0,2.0,7.0,14
6,3,Eintracht Frankfurt,6,4,1,1,14.0,9.0,5.0,13
6,4,SC Freiburg,6,4,0,2,9.0,7.0,2.0,12
6,5,Bayer Leverkusen,6,3,2,1,16.0,12.0,4.0,11
6,6,1. FC Union Berlin,6,3,2,1,6.0,4.0,2.0,11
6,7,Borussia Dortmund,6,3,1,2,12.0,11.0,1.0,10
6,8,VfB Stuttgart,6,2,3,1,15.0,11.0,4.0,9
6,9,1. FC Heidenheim 1846,6,3,0,3,10.0,8.0,2.0,9
6,10,1. FSV Mainz 05,6,2,2,2,11.0,10.0,1.0,8
6,11,Werder Bremen,6,2,2,2,8.0,12.0,-4.0,8
6,12,VfL Wolfsburg,6,2,1,3,13.0,12.0,1.0,7
6,13,FC Augsburg,6,2,1,3,9.0,15.0,-6.0,7
6,14,Borussia Mönchengladbach,6,2,0,4,7.0,10.0,-3.0,6
6,15,FC St. Pauli,6,1,1,4,4.0,9.0,-5.0,4
6,16,TSG 1899 Hoffenheim,6,1,1,4,10.0,16.0,-6.0,4
6,17,Holstein Kiel,6,0,2,4,9.0,19.0,-10.0,2
6,18,VfL Bochum,6,0,1,5,6.0,14.0,-8.0,1
7,1,FC Bayern München,7,5,2,0,24.0,7.0,17.0,17
7,2,RB Leipzig,7,5,2,0,11.0,2.0,9.0,17
7,3,SC Freiburg,7,5,0,2,12.0,8.0,4.0,15
7,4,Bayer Leverkusen,7,4,2,1,18.0,13.0,5.0,14
7,5,1. FC Union Berlin,7,4,2,1,8.0,4.0,4.0,14
7,6,Eintracht Frankfurt,7,4,1,2,15.0,11.0,4.0,13
7,7,Borussia Dortmund,7,4,1,2,14.0,12.0,2.0,13
7,8,Werder Bremen,7,3,2,2,12.0,14.0,-2.0,11
7,9,1. FC Heidenheim 1846,7,3,0,4,12.0,11.0,1.0,9
7,10,VfB Stuttgart,7,2,3,2,15.0,15.0,0.0,9
7,11,Borussia Mönchengladbach,7,3,0,4,10.0,12.0,-2.0,9
7,12,1. FSV Mainz 05,7,2,2,3,11.0,12.0,-1.0,8
7,13,VfL Wolfsburg,7,2,1,4,15.0,16.0,-1.0,7
7,14,TSG 1899 Hoffenheim,7,2,1,4,13.0,17.0,-4.0,7
7,15,FC Augsburg,7,2,1,4,10.0,18.0,-8.0,7
7,16,FC St. Pauli,7,1,1,5,5.0,11.0,-6.0,4
7,17,Holstein Kiel,7,0,2,5,9.0,21.0,-12.0,2
7,18,VfL Bochum,7,0,1,6,7.0,17.0,-10.0,1
8,1,FC Bayern München,8,6,2,0,29.0,7.0,22.0,20
8,2,RB Leipzig,8,6,2,0,14.0,3.0,11.0,20
8,3,Bayer Leverkusen,8,4,3,1,20.0,15.0,5.0,15
8,4,1. FC Union Berlin,8,4,3,1,9.0,5.0,4.0,15
8,5,SC Freiburg,8,5,0,3,13.0,11.0,2.0,15
8,6,Eintracht Frankfurt,8,4,2,2,16.0,12.0,4.0,14
8,7,Borussia Dortmund,8,4,1,3,15.0,14.0,1.0,13
8,8,VfB Stuttgart,8,3,3,2,17.0,16.0,1.0,12
8,9,Werder Bremen,8,3,3,2,14.0,16.0,-2.0,12
8,10,1. FC Heidenheim 1846,8,3,1,4,12.0,11.0,1.0,10
8,11,Borussia Mönchengladbach,8,3,1,4,11.0,13.0,-2.0,10
8,12,FC Augsburg,8,3,1,4,12.0,19.0,-7.0,10
8,13,1. FSV Mainz 05,8,2,3,3,12.0,13.0,-1.0,9
8,14,VfL Wolfsburg,8,2,2,4,15.0,16.0,-1.0,8
8,15,TSG 1899 Hoffenheim,8,2,2,4,13.0,17.0,-4.0,8
8,16,FC St. Pauli,8,1,2,5,5.0,11.0,-6.0,5
8,17,Holstein Kiel,8,0,2,6,10.0,23.0,-13.0,2
8,18,VfL Bochum,8,0,1,7,7.0,22.0,-15.0,1
9,1,FC Bayern München,9,7,2,0,32.0,7.0,25.0,23
9,2,RB Leipzig,9,6,2,1,15.0,5.0,10.0,20
9,3,Eintracht Frankfurt,9,5,2,2,23.0,14.0,9.0,17
9,4,Bayer Leverkusen,9,4,4,1,20.0,15.0,5.0,16
9,5,Borussia Dortmund,9,5,1,3,17.0,15.0,2.0,16
9,6,SC Freiburg,9,5,1,3,13.0,11.0,2.0,16
9,7,1. FC Union Berlin,9,4,3,2,9.0,8.0,1.0,15
9,8,VfB Stuttgart,9,3,4,2,17.0,16.0,1.0,13
9,9,Borussia Mönchengladbach,9,4,1,4,15.0,14.0,1.0,13
9,10,Werder Bremen,9,3,3,3,15.0,20.0,-5.0,12
9,11,FC Augsburg,9,3,2,4,13.0,20.0,-7.0,11
9,12,1. FC Heidenheim 1846,9,3,1,5,12.0,12.0,0.0,10
9,13,1. FSV Mainz 05,9,2,4,3,12.0,13.0,-1.0,10
9,14,VfL Wolfsburg,9,2,3,4,16.0,17.0,-1.0,9
9,15,FC St. Pauli,9,2,2,5,7.0,11.0,-4.0,8
9,16,TSG 1899 Hoffenheim,9,2,2,5,13.0,19.0,-6.0,8
9,17,Holstein Kiel,9,1,2,6,11.0,23.0,-12.0,5
9,18,VfL Bochum,9,0,1,8,9.0,29.0,-20.0,1
10,1,FC Bayern München,10,8,2,0,33.0,7.0,26.0,26
10,2,RB Leipzig,10,6,3,1,15.0,5.0,10.0,21
10,3,Eintracht Frankfurt,10,6,2,2,26.0,16.0,10.0,20
10,4,Bayer Leverkusen,10,4,5,1,21.0,16.0,5.0,17
10,5,SC Freiburg,10,5,2,3,13.0,11.0,2.0,17
10,6,1. FC Union Berlin,10,4,4,2,9.0,8.0,1.0,16
10,7,Borussia Dortmund,10,5,1,4,18.0,18.0,0.0,16
10,8,Werder Bremen,10,4,3,3,17.0,21.0,-4.0,15
10,9,Borussia Mönchengladbach,10,4,2,4,15.0,14.0,1.0,14
10,10,1. FSV Mainz 05,10,3,4,3,15.0,14.0,1.0,13
10,11,VfB Stuttgart,10,3,4,3,19.0,19.0,0.0,13
10,12,VfL Wolfsburg,10,3,3,4,19.0,18.0,1.0,12
10,13,FC Augsburg,10,3,3,4,13.0,20.0,-7.0,12
10,14,1. FC Heidenheim 1846,10,3,1,6,13.0,15.0,-2.0,10
10,15,TSG 1899 Hoffenheim,10,2,3,5,13.0,19.0,-6.0,9
10,16,FC St. Pauli,10,2,2,6,7.0,12.0,-5.0,8
10,17,Holstein Kiel,10,1,2,7,12.0,25.0,-13.0,5
10,18,VfL Bochum,10,0,2,8,10.0,30.0,-20.0,2
11,1,FC Bayern München,11,9,2,0,36.0,7.0,29.0,29
11,2,Eintracht Frankfurt,11,7,2,2,27.0,16.0,11.0,23
11,3,RB Leipzig,11,6,3,2,18.0,9.0,9.0,21
11,4,Bayer Leverkusen,11,5,5,1,26.0,18.0,8.0,20
11,5,Borussia Dortmund,11,6,1,4,22.0,18.0,4.0,19
11,6,Borussia Mönchengladbach,11,5,2,4,17.0,14.0,3.0,17
11,7,SC Freiburg,11,5,2,4,13.0,15.0,-2.0,17
11,8,1. FSV Mainz 05,11,4,4,3,18.0,14.0,4.0,16
11,9,VfB Stuttgart,11,4,4,3,21.0,19.0,2.0,16
11,10,1. FC Union Berlin,11,4,4,3,9.0,9.0,0.0,16
11,11,VfL Wolfsburg,11,4,3,4,20.0,18.0,2.0,15
11,12,Werder Bremen,11,4,3,4,17.0,22.0,-5.0,15
11,13,TSG 1899 Hoffenheim,11,3,3,5,17.0,22.0,-5.0,12
11,14,FC Augsburg,11,3,3,5,13.0,23.0,-10.0,12
11,15,1. FC Heidenheim 1846,11,3,1,7,15.0,20.0,-5.0,10
11,16,FC St. Pauli,11,2,2,7,7.0,14.0,-7.0,8
11,17,Holstein Kiel,11,1,2,8,12.0,28.0,-16.0,5
11,18,VfL Bochum,11,0,2,9,10.0,32.0,-22.0,2
12,1,FC Bayern München,12,9,3,0,37.0,8.0,29.0,30
12,2,Eintracht Frankfurt,12,8,2,2,31.0,16.0,15.0,26
12,3,Bayer Leverkusen,12,6,5,1,28.0,19.0,9.0,23
12,4,RB Leipzig,12,6,3,3,19.0,14.0,5.0,21
12,5,Borussia Dortmund,12,6,2,4,23.0,19.0,4.0,20
12,6,SC Freiburg,12,6,2,4,16.0,16.0,0.0,20
12,7,1. FSV Mainz 05,12,5,4,3,20.0,14.0,6.0,19
12,8,VfL Wolfsburg,12,5,3,4,25.0,19.0,6.0,18
12,9,VfB Stuttgart,12,4,5,3,23.0,21.0,2.0,17
12,10,Borussia Mönchengladbach,12,5,2,5,18.0,17.0,1.0,17
12,11,1. FC Union Berlin,12,4,4,4,10.0,11.0,-1.0,16
12,12,Werder Bremen,12,4,4,4,19.0,24.0,-5.0,16
12,13,FC Augsburg,12,4,3,5,14.0,23.0,-9.0,15
12,14,TSG 1899 Hoffenheim,12,3,3,6,17.0,24.0,-7.0,12
12,15,FC St. Pauli,12,3,2,7,10.0,15.0,-5.0,11
12,16,1. FC Heidenheim 1846,12,3,1,8,15.0,24.0,-9.0,10
12,17,Holstein Kiel,12,1,2,9,13.0,31.0,-18.0,5
12,18,VfL Bochum,12,0,2,10,10.0,33.0,-23.0,2
13,1,FC Bayern München,13,10,3,0,41.0,10.0,31.0,33
13,2,Eintracht Frankfurt,13,8,3,2,33.0,18.0,15.0,27
13,3,Bayer Leverkusen,13,7,5,1,30.0,20.0,10.0,26
13,4,RB Leipzig,13,7,3,3,21.0,14.0,7.0,24
13,5,VfL Wolfsburg,13,6,3,4,29.0,22.0,7.0,21
13,6,Borussia Dortmund,13,6,3,4,24.0,20.0,4.0,21
13,7,SC Freiburg,13,6,3,4,17.0,17.0,0.0,21
13,8,VfB Stuttgart,13,5,5,3,26.0,23.0,3.0,20
13,9,1. FSV Mainz 05,13,5,4,4,23.0,18.0,5.0,19
13,10,Werder Bremen,13,5,4,4,20.0,24.0,-4.0,19
13,11,Borussia Mönchengladbach,13,5,3,5,19.0,18.0,1.0,18
13,12,1. FC Union Berlin,13,4,4,5,12.0,14.0,-2.0,16
13,13,FC Augsburg,13,4,4,5,16.0,25.0,-9.0,16
13,14,TSG 1899 Hoffenheim,13,3,4,6,18.0,25.0,-7.0,13
13,15,FC St. Pauli,13,3,2,8,11.0,17.0,-6.0,11
13,16,1. FC Heidenheim 1846,13,3,1,9,17.0,28.0,-11.0,10
13,17,Holstein Kiel,13,1,2,10,13.0,33.0,-20.0,5
13,18,VfL Bochum,13,0,2,11,10.0,34.0,-24.0,2
14,1,FC Bayern München,14,10,3,1,42.0,12.0,30.0,33
14,2,Bayer Leverkusen,14,8,5,1,32.0,20.0,12.0,29
14,3,Eintracht Frankfurt,14,8,3,3,34.0,20.0,14.0,27
14,4,RB Leipzig,14,8,3,3,23.0,15.0,8.0,27
14,5,SC Freiburg,14,7,3,4,20.0,19.0,1.0,24
14,6,VfB Stuttgart,14,6,5,3,29.0,24.0,5.0,23
14,7,1. FSV Mainz 05,14,6,4,4,25.0,19.0,6.0,22
14,8,Borussia Dortmund,14,6,4,4,25.0,21.0,4.0,22
14,9,Werder Bremen,14,6,4,4,22.0,24.0,-2.0,22
14,10,VfL Wolfsburg,14,6,3,5,31.0,25.0,6.0,21
14,11,Borussia Mönchengladbach,14,6,3,5,23.0,19.0,4.0,21
14,12,1. FC Union Berlin,14,4,4,6,12.0,16.0,-4.0,16
14,13,FC Augsburg,14,4,4,6,16.0,27.0,-11.0,16
14,14,TSG 1899 Hoffenheim,14,3,5,6,19.0,26.0,-7.0,14
14,15,FC St. Pauli,14,3,2,9,11.0,19.0,-8.0,11
14,16,1. FC Heidenheim 1846,14,3,1,10,18.0,31.0,-13.0,10
14,17,VfL Bochum,14,1,2,11,12.0,34.0,-22.0,5
14,18,Holstein Kiel,14,1,2,11,14.0,37.0,-23.0,5
15,1,FC Bayern München,15,11,3,1,47.0,13.0,34.0,36
15,2,Bayer Leverkusen,15,9,5,1,37.0,21.0,16.0,32
15,3,Eintracht Frankfurt,15,8,3,4,35.0,23.0,12.0,27
15,4,RB Leipzig,15,8,3,4,24.0,20.0,4.0,27
15,5,1. FSV Mainz 05,15,7,4,4,28.0,20.0,8.0,25
15,6,Borussia Dortmund,15,7,4,4,28.0,22.0,6.0,25
15,7,Werder Bremen,15,7,4,4,26.0,25.0,1.0,25
15,8,Borussia Mönchengladbach,15,7,3,5,25.0,20.0,5.0,24
15,9,SC Freiburg,15,7,3,5,21.0,24.0,-3.0,24
15,10,VfB Stuttgart,15,6,5,4,29.0,25.0,4.0,23
15,11,VfL Wolfsburg,15,6,3,6,32.0,28.0,4.0,21
15,12,1. FC Union Berlin,15,4,4,7,13.0,20.0,-7.0,16
15,13,FC Augsburg,15,4,4,7,17.0,32.0,-15.0,16
15,14,FC St. Pauli,15,4,2,9,12.0,19.0,-7.0,14
15,15,TSG 1899 Hoffenheim,15,3,5,7,20.0,28.0,-8.0,14
15,16,1. FC Heidenheim 1846,15,3,1,11,18.0,33.0,-15.0,10
15,17,Holstein Kiel,15,2,2,11,19.0,38.0,-19.0,8
15,18,VfL Bochum,15,2,2,11,14.0,34.0,-20.0,8
16,1,FC Bayern München,16,12,3,1,48.0,13.0,35.0,39
16,2,Bayer Leverkusen,16,10,5,1,40.0,23.0,17.0,35
16,3,Eintracht Frankfurt,16,9,3,4,36.0,23.0,13.0,30
16,4,RB Leipzig,16,9,3,4,28.0,22.0,6.0,30
16,5,1. FSV Mainz 05,16,8,4,4,30.0,20.0,10.0,28
16,6,SC Freiburg,16,8,3,5,24.0,26.0,-2.0,27
16,7,VfB Stuttgart,16,7,5,4,30.0,25.0,5.0,26
16,8,Borussia Dortmund,16,7,4,5,30.0,25.0,5.0,25
16,9,Werder Bremen,16,7,4,5,28.0,29.0,-1.0,25
16,10,VfL Wolfsburg,16,7,3,6,33.0,28.0,5.0,24
16,11,Borussia Mönchengladbach,16,7,3,6,25.0,21.0,4.0,24
16,12,1. FC Union Berlin,16,4,4,8,13.0,22.0,-9.0,16
16,13,FC Augsburg,16,4,4,8,17.0,33.0,-16.0,16
16,14,FC St. Pauli,16,4,2,10,12.0,20.0,-8.0,14
16,15,TSG 1899 Hoffenheim,16,3,5,8,20.0,29.0,-9.0,14
16,16,1. FC Heidenheim 1846,16,4,1,11,20.0,33.0,-13.0,13
16,17,Holstein Kiel,16,2,2,12,21.0,41.0,-20.0,8
16,18,VfL Bochum,16,2,2,12,14.0,36.0,-22.0,8
17,1,FC Bayern München,17,13,3,1,53.0,13.0,40.0,42
17,2,Bayer Leverkusen,17,11,5,1,41.0,23.0,18.0,38
17,3,Eintracht Frankfurt,17,10,3,4,40.0,24.0,16.0,33
17,4,RB Leipzig,17,9,3,5,29.0,24.0,5.0,30
17,5,VfB Stuttgart,17,8,5,4,32.0,26.0,6.0,29
17,6,1. FSV Mainz 05,17,8,4,5,30.0,21.0,9.0,28
17,7,VfL Wolfsburg,17,8,3,6,38.0,29.0,9.0,27
17,8,SC Freiburg,17,8,3,6,25.0,30.0,-5.0,27
17,9,Werder Bremen,17,7,5,5,31.0,32.0,-1.0,26
17,10,Borussia Dortmund,17,7,4,6,32.0,29.0,3.0,25
17,11,Borussia Mönchengladbach,17,7,3,7,26.0,26.0,0.0,24
17,12,FC Augsburg,17,5,4,8,19.0,33.0,-14.0,19
17,13,1. FC Union Berlin,17,4,4,9,13.0,24.0,-11.0,16
17,14,FC St. Pauli,17,4,2,11,12.0,21.0,-9.0,14
17,15,1. FC Heidenheim 1846,17,4,2,11,23.0,36.0,-13.0,14
17,16,TSG 1899 Hoffenheim,17,3,5,9,20.0,34.0,-14.0,14
17,17,Holstein Kiel,17,3,2,12,25.0,43.0,-18.0,11
17,18,VfL Bochum,17,3,2,12,15.0,36.0,-21.0,11
18,1,FC Bayern München,18,14,3,1,56.0,15.0,41.0,45
18,2,Bayer Leverkusen,18,12,5,1,44.0,24.0,20.0,41
18,3,Eintracht Frankfurt,18,11,3,4,42.0,24.0,18.0,36
18,4,VfB Stuttgart,18,9,5,4,36.0,26.0,10.0,32
18,5,RB Leipzig,18,9,4,5,32.0,27.0,5.0,31
18,6,1. FSV Mainz 05,18,8,4,6,31.0,23.0,8.0,28
18,7,VfL Wolfsburg,18,8,3,7,40.0,32.0,8.0,27
18,8,SC Freiburg,18,8,3,7,25.0,34.0,-9.0,27
18,9,Werder Bremen,18,7,5,6,31.0,34.0,-3.0,26
18,10,Borussia Dortmund,18,7,4,7,32.0,31.0,1.0,25
18,11,Borussia Mönchengladbach,18,7,3,8,27.0,29.0,-2.0,24
18,12,FC Augsburg,18,6,4,8,21.0,33.0,-12.0,22
18,13,1. FC Union Berlin,18,5,4,9,15.0,25.0,-10.0,19
18,14,FC St. Pauli,18,5,2,11,14.0,21.0,-7.0,17
18,15,TSG 1899 Hoffenheim,18,4,5,9,23.0,35.0,-12.0,17
18,16,1. FC Heidenheim 1846,18,4,2,12,23.0,38.0,-15.0,14
18,17,VfL Bochum,18,3,3,12,18.0,39.0,-21.0,12
18,18,Holstein Kiel,18,3,2,13,26.0,46.0,-20.0,11
19,1,FC Bayern München,19,15,3,1,58.0,16.0,42.0,48
19,2,Bayer Leverkusen,19,12,6,1,46.0,26.0,20.0,42
19,3,Eintracht Frankfurt,19,11,4,4,44.0,26.0,18.0,37
19,4,VfB Stuttgart,19,9,5,5,36.0,28.0,8.0,32
19,5,RB Leipzig,19,9,5,5,34.0,29.0,5.0,32
19,6,1. FSV Mainz 05,19,9,4,6,33.0,23.0,10.0,31
19,7,VfL Wolfsburg,19,8,4,7,42.0,34.0,8.0,28
19,8,Borussia Mönchengladbach,19,8,3,8,30.0,29.0,1.0,27
19,9,Werder Bremen,19,7,6,6,33.0,36.0,-3.0,27
19,10,SC Freiburg,19,8,3,8,26.0,36.0,-10.0,27
19,11,Borussia Dortmund,19,7,5,7,34.0,33.0,1.0,26
19,12,FC Augsburg,19,7,4,8,23.0,34.0,-11.0,25
19,13,FC St. Pauli,19,6,2,11,17.0,21.0,-4.0,20
19,14,1. FC Union Berlin,19,5,4,10,15.0,28.0,-13.0,19
19,15,TSG 1899 Hoffenheim,19,4,6,9,25.0,37.0,-12.0,18
19,16,1. FC Heidenheim 1846,19,4,2,13,24.0,40.0,-16.0,14
19,17,Holstein Kiel,19,3,3,13,28.0,48.0,-20.0,12
19,18,VfL Bochum,19,3,3,13,18.0,42.0,-24.0,12
20,1,FC Bayern München,20,16,3,1,62.0,19.0,43.0,51
20,2,Bayer Leverkusen,20,13,6,1,49.0,27.0,22.0,45
20,3,Eintracht Frankfurt,20,11,5,4,45.0,27.0,18.0,38
20,4,RB Leipzig,20,9,6,5,34.0,29.0,5.0,33
20,5,VfB Stuttgart,20,9,5,6,37.0,30.0,7.0,32
20,6,1. FSV Mainz 05,20,9,4,7,33.0,24.0,9.0,31
20,7,Borussia Mönchengladbach,20,9,3,8,32.0,30.0,2.0,30
20,8,Werder Bremen,20,8,6,6,34.0,36.0,-2.0,30
20,9,SC Freiburg,20,9,3,8,27.0,36.0,-9.0,30
20,10,VfL Wolfsburg,20,8,5,7,43.0,35.0,8.0,29
20,11,Borussia Dortmund,20,8,5,7,36.0,34.0,2.0,29
20,12,FC Augsburg,20,7,5,8,24.0,35.0,-11.0,26
20,13,FC St. Pauli,20,6,3,11,18.0,22.0,-4.0,21
20,14,1. FC Union Berlin,20,5,5,10,15.0,28.0,-13.0,20
20,15,TSG 1899 Hoffenheim,20,4,6,10,26.0,40.0,-14.0,18
20,16,1. FC Heidenheim 1846,20,4,2,14,25.0,42.0,-17.0,14
20,17,Holstein Kiel,20,3,3,14,31.0,52.0,-21.0,12
20,18,VfL Bochum,20,3,3,14,18.0,43.0,-25.0,12
21,1,FC Bayern München,21,17,3,1,65.0,19.0,46.0,54
21,2,Bayer Leverkusen,21,13,7,1,49.0,27.0,22.0,46
21,3,Eintracht Frankfurt,21,11,6,4,46.0,28.0,18.0,39
21,4,RB Leipzig,21,10,6,5,36.0,29.0,7.0,36
21,5,VfB Stuttgart,21,10,5,6,39.0,31.0,8.0,35
21,6,SC Freiburg,21,10,3,8,28.0,36.0,-8.0,33
21,7,1. FSV Mainz 05,21,9,5,7,33.0,24.0,9.0,32
21,8,Borussia Mönchengladbach,21,9,4,8,33.0,31.0,2.0,31
21,9,VfL Wolfsburg,21,8,6,7,43.0,35.0,8.0,30
21,10,Werder Bremen,21,8,6,7,34.0,39.0,-5.0,30
21,11,Borussia Dortmund,21,8,5,8,37.0,36.0,1.0,29
21,12,FC Augsburg,21,7,6,8,24.0,35.0,-11.0,27
21,13,1. FC Union Berlin,21,6,5,10,19.0,28.0,-9.0,23
21,14,FC St. Pauli,21,6,3,12,18.0,24.0,-6.0,21
21,15,TSG 1899 Hoffenheim,21,4,6,11,26.0,44.0,-18.0,18
21,16,1. FC Heidenheim 1846,21,4,2,15,25.0,43.0,-18.0,14
21,17,Holstein Kiel,21,3,4,14,33.0,54.0,-21.0,13
21,18,VfL Bochum,21,3,4,14,20.0,45.0,-25.0,13
22,1,FC Bayern München,22,17,4,1,65.0,19.0,46.0,55
22,2,Bayer Leverkusen,22,13,8,1,49.0,27.0,22.0,47
22,3,Eintracht Frankfurt,22,12,6,4,49.0,29.0,20.0,42
22,4,RB Leipzig,22,10,7,5,36.0,29.0,7.0,37
22,5,SC Freiburg,22,11,3,8,29.0,36.0,-7.0,36
22,6,1. FSV Mainz 05,22,10,5,7,35.0,24.0,11.0,35
22,7,VfB Stuttgart,22,10,5,7,40.0,33.0,7.0,35
22,8,Borussia Mönchengladbach,22,10,4,8,35.0,32.0,3.0,34
22,9,VfL Wolfsburg,22,9,6,7,45.0,36.0,9.0,33
22,10,Werder Bremen,22,8,6,8,35.0,42.0,-7.0,30
22,11,Borussia Dortmund,22,8,5,9,37.0,38.0,-1.0,29
22,12,FC Augsburg,22,7,7,8,24.0,35.0,-11.0,28
22,13,1. FC Union Berlin,22,6,5,11,20.0,30.0,-10.0,23
22,14,FC St. Pauli,22,6,3,13,18.0,25.0,-7.0,21
22,15,TSG 1899 Hoffenheim,22,5,6,11,29.0,45.0,-16.0,21
22,16,VfL Bochum,22,4,4,14,22.0,45.0,-23.0,16
22,17,1. FC Heidenheim 1846,22,4,2,16,25.0,45.0,-20.0,14
22,18,Holstein Kiel,22,3,4,15,34.0,57.0,-23.0,13
23,1,FC Bayern München,23,18,4,1,69.0,19.0,50.0,58
23,2,Bayer Leverkusen,23,14,8,1,51.0,27.0,24.0,50
23,3,Eintracht Frankfurt,23,12,6,5,49.0,33.0,16.0,42
23,4,SC Freiburg,23,12,3,8,34.0,36.0,-2.0,39
23,5,1. FSV Mainz 05,23,11,5,7,37.0,24.0,13.0,38
23,6,RB Leipzig,23,10,8,5,38.0,31.0,7.0,38
23,7,VfB Stuttgart,23,10,6,7,41.0,34.0,7.0,36
23,8,VfL Wolfsburg,23,9,7,7,46.0,37.0,9.0,34
23,9,Borussia Mönchengladbach,23,10,4,9,35.0,35.0,0.0,34
23,10,Borussia Dortmund,23,9,5,9,43.0,38.0,5.0,32
23,11,FC Augsburg,23,8,7,8,27.0,35.0,-8.0,31
23,12,Werder Bremen,23,8,6,9,35.0,47.0,-12.0,30
23,13,1. FC Union Berlin,23,6,5,12,20.0,36.0,-16.0,23
23,14,TSG 1899 Hoffenheim,23,5,7,11,30.0,46.0,-16.0,22
23,15,FC St. Pauli,23,6,3,14,18.0,27.0,-9.0,21
23,16,VfL Bochum,23,4,5,14,23.0,46.0,-23.0,17
23,17,1. FC Heidenheim 1846,23,4,3,16,27.0,47.0,-20.0,15
23,18,Holstein Kiel,23,3,4,16,34.0,59.0,-25.0,13
24,1,FC Bayern München,24,19,4,1,72.0,20.0,52.0,61
24,2,Bayer Leverkusen,24,15,8,1,55.0,28.0,27.0,53
24,3,Eintracht Frankfurt,24,12,6,6,50.0,37.0,13.0,42
24,4,1. FSV Mainz 05,24,12,5,7,39.0,25.0,14.0,41
24,5,SC Freiburg,24,12,4,8,34.0,36.0,-2.0,40
24,6,RB Leipzig,24,10,8,6,39.0,33.0,6.0,38
24,7,VfL Wolfsburg,24,10,7,7,48.0,38.0,10.0,37
24,8,Borussia Mönchengladbach,24,11,4,9,38.0,35.0,3.0,37
24,9,VfB Stuttgart,24,10,6,8,42.0,37.0,5.0,36
24,10,Borussia Dortmund,24,10,5,9,45.0,38.0,7.0,35
24,11,FC Augsburg,24,8,8,8,27.0,35.0,-8.0,32
24,12,Werder Bremen,24,8,6,10,36.0,49.0,-13.0,30
24,13,TSG 1899 Hoffenheim,24,6,7,11,31.0,46.0,-15.0,25
24,14,1. FC Union Berlin,24,6,5,13,20.0,37.0,-17.0,23
24,15,FC St. Pauli,24,6,3,15,18.0,29.0,-11.0,21
24,16,VfL Bochum,24,4,5,15,23.0,47.0,-24.0,17
24,17,Holstein Kiel,24,4,4,16,35.0,59.0,-24.0,16
24,18,1. FC Heidenheim 1846,24,4,3,17,27.0,50.0,-23.0,15
25,1,FC Bayern München,25,19,4,2,74.0,23.0,51.0,61
25,2,Bayer Leverkusen,25,15,8,2,55.0,30.0,25.0,53
25,3,1. FSV Mainz 05,25,13,5,7,42.0,26.0,16.0,44
25,4,Eintracht Frankfurt,25,12,6,7,51.0,39.0,12.0,42
25,5,SC Freiburg,25,12,5,8,34.0,36.0,-2.0,41
25,6,RB Leipzig,25,10,9,6,39.0,33.0,6.0,39
25,7,VfL Wolfsburg,25,10,8,7,49.0,39.0,10.0,38
25,8,VfB Stuttgart,25,10,7,8,44.0,39.0,5.0,37
25,9,Borussia Mönchengladbach,25,11,4,10,39.0,38.0,1.0,37
25,10,Borussia Dortmund,25,10,5,10,45.0,39.0,6.0,35
25,11,FC Augsburg,25,9,8,8,28.0,35.0,-7.0,35
25,12,Werder Bremen,25,9,6,10,38.0,49.0,-11.0,33
25,13,TSG 1899 Hoffenheim,25,6,8,11,32.0,47.0,-15.0,26
25,14,1. FC Union Berlin,25,7,5,13,22.0,38.0,-16.0,26
25,15,FC St. Pauli,25,6,4,15,19.0,30.0,-11.0,22
25,16,VfL Bochum,25,5,5,15,26.0,49.0,-23.0,20
25,17,Holstein Kiel,25,4,5,16,37.0,61.0,-24.0,17
25,18,1. FC Heidenheim 1846,25,4,4,17,28.0,51.0,-23.0,16
26,1,FC Bayern München,26,19,5,2,75.0,24.0,51.0,62
26,2,Bayer Leverkusen,26,16,8,2,59.0,33.0,26.0,56
26,3,1. FSV Mainz 05,26,13,6,7,44.0,28.0,16.0,45
26,4,Eintracht Frankfurt,26,13,6,7,54.0,40.0,14.0,45
26,5,RB Leipzig,26,11,9,6,41.0,33.0,8.0,42
26,6,SC Freiburg,26,12,6,8,36.0,38.0,-2.0,42
26,7,Borussia Mönchengladbach,26,12,4,10,43.0,40.0,3.0,40
26,8,VfL Wolfsburg,26,10,8,8,49.0,40.0,9.0,38
26,9,FC Augsburg,26,10,8,8,29.0,35.0,-6.0,38
26,10,VfB Stuttgart,26,10,7,9,47.0,43.0,4.0,37
26,11,Borussia Dortmund,26,10,5,11,45.0,41.0,4.0,35
26,12,Werder Bremen,26,9,6,11,40.0,53.0,-13.0,33
26,13,1. FC Union Berlin,26,7,6,13,23.0,39.0,-16.0,27
26,14,TSG 1899 Hoffenheim,26,6,8,12,32.0,48.0,-16.0,26
26,15,FC St. Pauli,26,7,4,15,20.0,30.0,-10.0,25
26,16,VfL Bochum,26,5,5,16,27.0,52.0,-25.0,20
26,17,1. FC Heidenheim 1846,26,5,4,17,31.0,52.0,-21.0,19
26,18,Holstein Kiel,26,4,5,17,38.0,64.0,-26.0,17
27,1,FC Bayern München,27,20,5,2,78.0,26.0,52.0,65
27,2,Bayer Leverkusen,27,17,8,2,62.0,34.0,28.0,59
27,3,Eintracht Frankfurt,27,14,6,7,55.0,40.0,15.0,48
27,4,1. FSV Mainz 05,27,13,6,8,45.0,31.0,14.0,45
27,5,Borussia Mönchengladbach,27,13,4,10,44.0,40.0,4.0,43
27,6,RB Leipzig,27,11,9,7,41.0,34.0,7.0,42
27,7,SC Freiburg,27,12,6,9,37.0,40.0,-3.0,42
27,8,FC Augsburg,27,10,9,8,30.0,36.0,-6.0,39
27,9,VfL Wolfsburg,27,10,8,9,49.0,41.0,8.0,38
27,10,Borussia Dortmund,27,11,5,11,48.0,42.0,6.0,38
27,11,VfB Stuttgart,27,10,7,10,47.0,44.0,3.0,37
27,12,Werder Bremen,27,10,6,11,43.0,53.0,-10.0,36
27,13,1. FC Union Berlin,27,8,6,13,25.0,40.0,-15.0,30
27,14,TSG 1899 Hoffenheim,27,6,9,12,33.0,49.0,-16.0,27
27,15,FC St. Pauli,27,7,4,16,22.0,33.0,-11.0,25
27,16,1. FC Heidenheim 1846,27,6,4,17,32.0,52.0,-20.0,22
27,17,VfL Bochum,27,5,5,17,28.0,55.0,-27.0,20
27,18,Holstein Kiel,27,4,5,18,38.0,67.0,-29.0,17
28,1,FC Bayern München,28,21,5,2,81.0,27.0,54.0,68
28,2,Bayer Leverkusen,28,18,8,2,63.0,34.0,29.0,62
28,3,Eintracht Frankfurt,28,14,6,8,55.0,42.0,13.0,48
28,4,1. FSV Mainz 05,28,13,7,8,46.0,32.0,14.0,46
28,5,RB Leipzig,28,12,9,7,44.0,35.0,9.0,45
28,6,Borussia Mönchengladbach,28,13,5,10,45.0,41.0,4.0,44
28,7,SC Freiburg,28,12,6,10,38.0,44.0,-6.0,42
28,8,Borussia Dortmund,28,12,5,11,52.0,43.0,9.0,41
28,9,VfB Stuttgart,28,11,7,10,51.0,44.0,7.0,40
28,10,Werder Bremen,28,11,6,11,45.0,53.0,-8.0,39
28,11,FC Augsburg,28,10,9,9,31.0,39.0,-8.0,39
28,12,VfL Wolfsburg,28,10,8,10,49.0,42.0,7.0,38
28,13,1. FC Union Berlin,28,9,6,13,26.0,40.0,-14.0,33
28,14,TSG 1899 Hoffenheim,28,6,9,13,34.0,52.0,-18.0,27
28,15,FC St. Pauli,28,7,5,16,23.0,34.0,-11.0,26
28,16,1. FC Heidenheim 1846,28,6,4,18,32.0,53.0,-21.0,22
28,17,VfL Bochum,28,5,5,18,28.0,59.0,-31.0,20
28,18,Holstein Kiel,28,4,6,18,39.0,68.0,-29.0,18
29,1,FC Bayern München,29,21,6,2,83.0,29.0,54.0,69
29,2,Bayer Leverkusen,29,18,9,2,63.0,34.0,29.0,63
29,3,Eintracht Frankfurt,29,15,6,8,58.0,42.0,16.0,51
29,4,RB Leipzig,29,13,9,7,47.0,37.0,10.0,48
29,5,1. FSV Mainz 05,29,13,7,9,46.0,34.0,12.0,46
29,6,SC Freiburg,29,13,6,10,40.0,45.0,-5.0,45
29,7,Borussia Mönchengladbach,29,13,5,11,46.0,43.0,3.0,44
29,8,Borussia Dortmund,29,12,6,11,54.0,45.0,9.0,42
29,9,Werder Bremen,29,12,6,11,47.0,54.0,-7.0,42
29,10,FC Augsburg,29,11,9,9,33.0,40.0,-7.0,42
29,11,VfB Stuttgart,29,11,7,11,52.0,46.0,6.0,40
29,12,VfL Wolfsburg,29,10,8,11,51.0,45.0,6.0,38
29,13,1. FC Union Berlin,29,9,7,13,26.0,40.0,-14.0,34
29,14,TSG 1899 Hoffenheim,29,7,9,13,36.0,52.0,-16.0,30
29,15,FC St. Pauli,29,8,5,16,25.0,35.0,-10.0,29
29,16,1. FC Heidenheim 1846,29,6,4,19,32.0,56.0,-24.0,22
29,17,VfL Bochum,29,5,5,19,29.0,61.0,-32.0,20
29,18,Holstein Kiel,29,4,6,19,40.0,70.0,-30.0,18
30,1,FC Bayern München,30,22,6,2,87.0,29.0,58.0,72
30,2,Bayer Leverkusen,30,18,10,2,64.0,35.0,29.0,64
30,3,Eintracht Frankfurt,30,15,7,8,58.0,42.0,16.0,52
30,4,RB Leipzig,30,13,10,7,48.0,38.0,10.0,49
30,5,SC Freiburg,30,14,6,10,43.0,47.0,-4.0,48
30,6,1. FSV Mainz 05,30,13,8,9,48.0,36.0,12.0,47
30,7,Borussia Dortmund,30,13,6,11,57.0,47.0,10.0,45
30,8,Werder Bremen,30,13,6,11,48.0,54.0,-6.0,45
30,9,Borussia Mönchengladbach,30,13,5,12,48.0,46.0,2.0,44
30,10,FC Augsburg,30,11,10,9,33.0,40.0,-7.0,43
30,11,VfB Stuttgart,30,11,8,11,56.0,50.0,6.0,41
30,12,VfL Wolfsburg,30,10,9,11,53.0,47.0,6.0,39
30,13,1. FC Union Berlin,30,9,8,13,30.0,44.0,-14.0,35
30,14,FC St. Pauli,30,8,6,16,26.0,36.0,-10.0,30
30,15,TSG 1899 Hoffenheim,30,7,9,14,38.0,55.0,-17.0,30
30,16,1. FC Heidenheim 1846,30,6,4,20,32.0,60.0,-28.0,22
30,17,VfL Bochum,30,5,5,20,29.0,62.0,-33.0,20
30,18,Holstein Kiel,30,4,7,19,41.0,71.0,-30.0,19
31,1,FC Bayern München,31,23,6,2,90.0,29.0,61.0,75
31,2,Bayer Leverkusen,31,19,10,2,66.0,35.0,31.0,67
31,3,Eintracht Frankfurt,31,16,7,8,62.0,42.0,20.0,55
31,4,SC Freiburg,31,15,6,10,44.0,47.0,-3.0,51
31,5,RB Leipzig,31,13,10,8,48.0,42.0,6.0,49
31,6,Borussia Dortmund,31,14,6,11,60.0,49.0,11.0,48
31,7,1. FSV Mainz 05,31,13,8,10,48.0,39.0,9.0,47
31,8,Werder Bremen,31,13,7,11,48.0,54.0,-6.0,46
31,9,Borussia Mönchengladbach,31,13,5,13,51.0,50.0,1.0,44
31,10,FC Augsburg,31,11,10,10,33.0,42.0,-9.0,43
31,11,VfB Stuttgart,31,11,8,12,56.0,51.0,5.0,41
31,12,VfL Wolfsburg,31,10,9,12,53.0,48.0,5.0,39
31,13,1. FC Union Berlin,31,9,9,13,31.0,45.0,-14.0,36
31,14,FC St. Pauli,31,8,7,16,26.0,36.0,-10.0,31
31,15,TSG 1899 Hoffenheim,31,7,9,15,40.0,58.0,-18.0,30
31,16,1. FC Heidenheim 1846,31,7,4,20,33.0,60.0,-27.0,25
31,17,Holstein Kiel,31,5,7,19,45.0,74.0,-29.0,22
31,18,VfL Bochum,31,5,6,20,30.0,63.0,-33.0,21
